{
  "name": "TdNotification",
  "base": "PersistedModel",
  "strict": "validate",
  "options": {
    "validateUpsert": true
  },
  "properties": {
    "id": {
      "type": "string",
      "id": true,
      "defaultFn": "guid"
    },
    "ezUserId": {
      "type": "string",
      "default": null
    },
    "msgSection": {
      "type": "string"
    },
    "msgText": {
      "type": "string"
    },
    "language": {
      "type": "string"
    },
    "date": {
      "type": "date"
    },
    "status": {
      "type": "string"
    }
  },
  "validations": [],
  "relations": {},
  "acls": [],
  "methods": {},
  "mixins": {}
}