{
    "name": "CourseVideo",
    "base": "PersistedModel",
    "idInjection": true,
    "options": {
      "validateUpsert": true
    },
    "properties": {
      "courseId": {
        "type": "string",
        "required": true
      },
      "title": {
        "type": "string",
        "required": true
      },
      "shortDetail": {
        "type": "string",
        "required": true
      },
      "coverImage": {
        "type": "string",
        "required": true
      },
      "vediourl": {
        "type": "string",
        "required": true
      },
      "createdAt": {
        "type": "date",
        "defaultFn": "now"
      },
      "updateAt": {
        "type": "date",
        "defaultFn": "now"
      }
    },
    "validations": [],
    "relations": {},
    "acls": [
      {
        "accessType": "*",
        "principalType": "ROLE",
        "principalId": "$everyone",
        "permission": "ALLOW"
      },
      {
        "accessType": "READ",
        "principalType": "ROLE",
        "principalId": "$everyone",
        "permission": "ALLOW"
      },
      {
        "accessType": "*",
        "principalType": "ROLE",
        "principalId": "$authenticated",
        "permission": "ALLOW"
      }
    ],
    "methods": {}
  }
  