{
  "name": "TdDerivatives",
  "base": "PersistedModel",
  "idInjection": true,
  "options": {
    "validateUpsert": true
  },
  "properties": {
    "createdAt": {
      "type": "date",
      "defaultFn": "now",
      "data": "2023-11-02T06:39:09.101Z"
    },
    "timeUpdate": {
      "type": "number"
    }
  },
  "validations": [],
  "relations": {},
  "acls": [],
  "methods": {
    "symbolList": {
      "accepts": [
        {
          "arg": "type",
          "type": "string",
          "required": true
        }
      ],
      "returns": {
        "type": "object",
        "arg": "response",
        "root": true
      },
      "description": "",
      "http": [
        {
          "path": "/symbolList",
          "verb": "get"
        }
      ]
    },
    "symbolStock": {
      "accepts": [
        {
          "arg": "type",
          "type": "string",
          "required": true
        }
      ],
      "returns": {
        "type": "object",
        "arg": "response",
        "root": true
      },
      "description": "return today stock",
      "http": [
        {
          "path": "/symbolStock",
          "verb": "get"
        }
      ]
    },
    "historyData": {
      "accepts": [
        {
          "arg": "symbol",
          "type": "string",
          "required": true
        },
        {
          "arg": "time",
          "type": "string",
          "required": true
        }
      ],
      "returns": {
        "type": "object",
        "arg": "response",
        "root": true
      },
      "description": "",
      "http": [
        {
          "path": "/historyData",
          "verb": "get"
        }
      ]
    }
  }
}
