{
  "name": "TdNews",
  "base": "PersistedModel",
  "idInjection": true,
  "options": {
    "validateUpsert": true
  },
  "properties": {
    "title": {
      "type": "string",
      "required": true
    },
    "type": {
      "type": "string",
      "required": true
    },
    "description": {
      "type": "string",
      "required": true
    },
    "urlToImage": {
      "type": "string",
      "required": true
    },
    "content": {
      "type": "string",
      "required": true
    },
    "url": {
      "type": "string"
    },
    "createdAt": {
      "type": "date",
      "defaultFn": "now"
    },
    "updateAt": {
      "type": "date",
      "defaultFn": "now"
    }
  },
  "validations": [],
  "relations": {
    "courseVideo": {
      "type": "hasMany",
      "model": "CourseVideo",
      "foreignKey": "courseId",
      "options": {
        "nestRemoting": true
      }
    }
  },
  "acls": [
    {
      "accessType": "*",
      "principalType": "ROLE",
      "principalId": "$everyone",
      "permission": "ALLOW"
    },
    {
      "accessType": "READ",
      "principalType": "ROLE",
      "principalId": "$everyone",
      "permission": "ALLOW"
    },
    {
      "accessType": "*",
      "principalType": "ROLE",
      "principalId": "$authenticated",
      "permission": "ALLOW"
    }
  ],
  "methods": {
    "getNewsData": {
      "accepts": [
        {
          "arg": "type",
          "type": "string",
          "required": true
        }
      ],
      "returns": {
        "type": "object",
        "arg": "response",
        "root": true
      },
      "description": "",
      "http": [
        {
          "path": "/getNewsData",
          "verb": "get"
        }
      ]
    }
  }
}