{
  "name": "TdPlan",
  "base": "PersistedModel",
  "idInjection": true,
  "options": {
    "validateUpsert": true
  },
  "properties": {
    "planName": {
      "type": "string",
      "required": true
    },
    "Duration": {
      "type": "string",
      "required": true
    },
    "durationValue": {
      "type": "number"
    },
    "fetures": {
      "type": "array"
    },
    "pricing": {
      "type": "number"
    },
    "createdAt": {
      "type": "date",
      "defaultFn": "now"
    },
    "updateAt": {
      "type": "date",
      "defaultFn": "now"
    }
  },
  "validations": [],
  "relations": {},
  "acls": [
    {
      "accessType": "*",
      "principalType": "ROLE",
      "principalId": "$everyone",
      "permission": "ALLOW"
    },
    {
      "accessType": "READ",
      "principalType": "ROLE",
      "principalId": "$everyone",
      "permission": "ALLOW"
    },
    {
      "accessType": "*",
      "principalType": "ROLE",
      "principalId": "$authenticated",
      "permission": "ALLOW"
    }
  ],
  "methods": {}
}
