{
  "db": {
    "name": "db",
    "connector": "memory"
  },
  "mongoDB": {
    "url": "mongodb://127.0.0.1:27017/apitrading",
    "name": "mongoDB",
    "useNewUrlParser": true,
    "connector": "mongodb",
    "localUrl": "mongodb://127.0.0.1:27017/apitrading"
  },
  "smsService": {
    "name": "smsService",
    "headers": {
      "accepts": "application/json",
      "content-type": "application/json"
    },
    "crud": false,
    "connector": "rest",
    "operations": [
      {
        "template": {
          "method": "GET",
          "url": "http://sms.jaipursmshub.in/api_v2/message/send?api_key=uJXTLH2O_xV_r5utjRB0SEW8rrLBSy9APxqM_sB-KL7bR-_bL8vULpQtBdBMZWKC&sender_id=MTGPSA&dlt_template_id={dlt_template_id}",
          "query": {
            "mobile_no": "{mobile_no}",
            "message": "{message}"
          }
        },
        "functions": {
          "sendSMS": [
            "mobile_no",
            "message",
            "dlt_template_id"
          ]
        }
      }
    ]
  },
  "awsStorage": {
    "name": "awsStorage",
    "connector": "loopback-component-storage",
    "provider": "amazon",
    "key": "",
    "keyId": ""
  },
  "getIntradayData": {
    "name": "getIntradayData",
    "headers": {
      "accepts": "application/json",
      "content-type": "application/json"
    },
    "crud": false,
    "connector": "rest",
    "operations": [
      {
        "template": {
          "method": "GET",
          "url": "http://nimblerest.lisuns.com:4531/GetLastQuote/?accessKey=988dcf72-de6b-4637-9af7-fddbe9bfa7cd&exchange=NFO&instrumentIdentifier={type}-I"
        },
        "functions": {
          "getcurrentIntraday": ["type"]
        }
      },
      {
        "template": {
          "method": "GET",
          "url": "http://nimblerest.lisuns.com:4531/GetProducts/?accessKey=988dcf72-de6b-4637-9af7-fddbe9bfa7cd&exchange=NFO"
        },
        "functions": {
          "getProductList": []
        }
      },
      {
        "template": {
          "method": "GET",
          "url": "http://nimblerest.lisuns.com:4531/GetHistory/?accessKey=988dcf72-de6b-4637-9af7-fddbe9bfa7cd&exchange=NFO&instrumentIdentifier={type}&periodicity={periodicity}&max={max}&period={period}"
        },
        "functions": {
          "GetHistory": ["periodicity", "type", "max", "period"]
        }
      },
      {
        "template": {
          "method": "GET",
          "url": "http://nimblerest.lisuns.com:4531/GetLastQuoteArray/?accessKey=988dcf72-de6b-4637-9af7-fddbe9bfa7cd&exchange=NFO&instrumentIdentifiers={product}"
        },
        "functions": {
          "GetMultiOptionChain": ["product"]
        }
      },
      {
        "template": {
          "method": "GET",
          "url": "http://nimblerest.lisuns.com:4531/GetSnapshot/?accessKey=988dcf72-de6b-4637-9af7-fddbe9bfa7cd&exchange=NFO&periodicity={time}&period=5&instrumentIdentifiers={products}"
        },
        "functions": {
          "GetSnapshot": ["products", "time"]
        }
      }
    ]
  },
  "getOptionExpiry": {
    "name": "getOptionExpiry",
    "headers": {
      "accepts": "application/json",
      "content-type": "application/json"
    },
    "crud": false,
    "connector": "rest",
    "operations": [
      {
        "template": {
          "method": "GET",
          "url": "http://nimblerest.lisuns.com:4531/GetExpiryDates/?accessKey=988dcf72-de6b-4637-9af7-fddbe9bfa7cd&exchange=NFO&product={type}"
        },
        "functions": {
          "getOptionExpiryDates": ["type"]
        }
      }
    ]
  },
  "getOptionData": {
    "name": "getOptionData",
    "headers": {
      "accepts": "application/json",
      "content-type": "application/json"
    },
    "crud": false,
    "connector": "rest",
    "operations": [
      {
        "template": {
          "method": "GET",
          "url": "http://nimblerest.lisuns.com:4531/GetLastQuoteOptionChain/?accessKey=988dcf72-de6b-4637-9af7-fddbe9bfa7cd&exchange=NFO&product={type}&expiry={expirydate}"
        },
        "functions": {
          "getOptionDataToday": ["type", "expirydate"]
        }
      }
    ]
  },
  "globeldatasource": {
    "name": "globeldatasource",
    "headers": {
      "accepts": "application/json",
      "Authorization": "qB7MVAJZznyfGq-2Ye5F",
      "content-type": "application/json"
    },
    "crud": false,
    "connector": "rest",
    "operations": [
      {
        "template": {
          "method": "GET",
          "url": "http://nimblerest.lisuns.com:4531/GetLastQuote/?accessKey=988dcf72-de6b-4637-9af7-fddbe9bfa7cd&exchange=NFO&instrumentIdentifier={type}-I"
        },
        "functions": {
          "getcurrentIntraday": ["type"]
        }
      },
      {
        "template": {
          "method": "GET",
          "url": "http://nimblerest.lisuns.com:4531/GetExpiryDates/?accessKey=988dcf72-de6b-4637-9af7-fddbe9bfa7cd&exchange=NFO&product={type}"
        },
        "functions": {
          "getOptionExpiryDates": ["type"]
        }
      },
      {
        "template": {
          "method": "GET",
          "url": "http://nimblerest.lisuns.com:4531/GetLastQuoteOptionChain/?accessKey=988dcf72-de6b-4637-9af7-fddbe9bfa7cd&exchange=NFO&product={type}&expiry={expirydate}"
        },
        "functions": {
          "getOptionDataToday": ["type", "expirydate"]
        }
      },
      {
        "template": {
          "method": "GET",
          "url": "http://nimblerest.lisuns.com:4531/GetProducts/?accessKey=988dcf72-de6b-4637-9af7-fddbe9bfa7cd&exchange=NFO"
        },
        "functions": {
          "getProductList": []
        }
      }
    ]
  }
}
