{
  "_meta": {
    "sources": [
      "loopback/common/models",
      "loopback/server/models",
      "../common/models",
      "./models"
    ],
    "mixins": [
      "loopback/common/mixins",
      "loopback/server/mixins",
      "../common/mixins",
      "./mixins"
    ]
  },
  "AccessToken": {
    "dataSource": "mongoDB",
    "public": false
  },
  "ACL": {
    "dataSource": "mongoDB",
    "public": false
  },
  "RoleMapping": {
    "dataSource": "mongoDB",
    "public": false,
    "options": {
      "strictObjectIDCoercion": true
    }
  },
  "Role": {
    "dataSource": "mongoDB",
    "public": false
  },
  "TdUser": {
    "dataSource": "mongoDB",
    "public": true
  },
  "TdSystemList": {
    "dataSource": "mongoDB",
    "public": true
  },
  "AWSContainer": {
    "dataSource": "awsStorage",
    "public": true
  },
  "TdHelpDesk": {
    "dataSource": "mongoDB",
    "public": true
  },
  "TdPublicList": {
    "dataSource": "mongoDB",
    "public": true
  },
  "TdDerivatives": {
    "dataSource": "mongoDB",
    "public": true
  },
  "TdPlan": {
    "dataSource": "mongoDB",
    "public": true
  },
  "TdPaymentList": {
    "dataSource": "mongoDB",
    "public": true
  },
  "TdProduct": {
    "dataSource": "mongoDB",
    "public": true
  },
  "TdCourse": {
    "dataSource": "mongoDB",
    "public": true
  },
  "CourseVideo": {
    "dataSource": "mongoDB",
    "public": true
  },
  "TdChat": {
    "dataSource": "mongoDB",
    "public": true
  },
  "TdNews": {
    "dataSource": "mongoDB",
    "public": true
  },
  "TsStudy": {
    "dataSource": "mongoDB",
    "public": true
  },
  "TdCall": {
    "dataSource": "mongoDB",
    "public": true
  },
  "TdUniverse": {
    "dataSource": "mongoDB",
    "public": true
  },
  "TdNotification": {
    "dataSource": "mongoDB",
    "public": true
  }
}